year,state,SDP,SDP_NORM
1999,ANDHRA PRADESH,116360,157959.8868
1999,ARUNACHAL PRADESH,1497,4408.982245
1999,ASSAM,32011,74436.1581
1999,BIHAR,46071,94978.21692
1999,GOA,5570,14516.04382
1999,GUJARAT,92541,200739.8724
1999,HARYANA,47329,100163.1444
1999,HIMACHAL PRADESH,12467,27580.12692
1999,JAMMU & KASHMIR,13533,36669.54091
1999,JHARKHAND,30229,74522.64561
1999,KARNATAKA,90532,274427.7501
1999,KERALA,61359,144327.6741
1999,MADHYA PRADESH,72655,155241.065
1999,CHHATTISGARH,23840,64590.31924
1999,MAHARASHTRA,217198,476829.5413
1999,MANIPUR,2954,6889.541073
1999,MEGHALAYA,3211,7692.280122
1999,MIZORAM,1410,2675.186324
1999,NAGALAND,2610,3920.041707
1999,ORISSA,38399,100841.4897
1999,PUNJAB,61139,126658.3497
1999,RAJASTHAN,74174,180113.5998
1999,SIKKIM,765,2246.839106
1999,TAMIL NADU,119704,273325.495
1999,TRIPURA,4496,6683.031879
1999,UTTAR PRADESH,156809,344049.6567
1999,UTTARAKHAND,11187,27385.49373
1999,WEST BENGAL,125299,239574.7015
1999,ANDAMAN & NICOBAR ISLANDS,838,1247.872291
1999,CHANDIGARH,3792,6386.144291
1999,DELHI,51175,121464.3801
1999,PUDUCHERRY,2893,6198.902245
1999,TELANGANA,,
2000,ANDHRA PRADESH,126035,171093.798
2000,ARUNACHAL PRADESH,1607,4732.955556
2000,ASSAM,32821,76319.6759
2000,BIHAR,53656,110615.1637
2000,GOA,5287,13778.51413
2000,GUJARAT,86431,187486.0647
2000,HARYANA,51090,108122.6108
2000,HIMACHAL PRADESH,13262,29338.86607
2000,JAMMU & KASHMIR,13917,37710.04218
2000,JHARKHAND,26663,65731.49293
2000,KARNATAKA,91136,276258.6426
2000,KERALA,62909,147973.5597
2000,MADHYA PRADESH,66750,142623.9225
2000,CHHATTISGARH,22372,60613.02945
2000,MAHARASHTRA,210526,462182.0459
2000,MANIPUR,2765,6448.741052
2000,MEGHALAYA,3422,8197.752282
2000,MIZORAM,1463,2775.742973
2000,NAGALAND,3052,4583.895513
2000,ORISSA,37386,98181.20095
2000,PUNJAB,63172,130870.0055
2000,RAJASTHAN,71764,174261.4983
2000,SIKKIM,814,2390.754291
2000,TAMIL NADU,126349,288498.3206
2000,TRIPURA,4778,7102.207811
2000,UTTAR PRADESH,160015,351083.8397
2000,UTTARAKHAND,12582,30800.41853
2000,WEST BENGAL,129691,247972.3111
2000,ANDAMAN & NICOBAR ISLANDS,838,1247.872291
2000,CHANDIGARH,4274,7197.885206
2000,DELHI,53177,126216.1474
2000,PUDUCHERRY,3305,7081.704777
2000,TELANGANA,,
2001,ANDHRA PRADESH,131750,178851.9688
2001,ARUNACHAL PRADESH,1864,5489.87502
2001,ASSAM,33668,78289.23092
2001,BIHAR,50579,104271.7378
2001,GOA,5492,14312.76709
2001,GUJARAT,93455,202722.5206
2001,HARYANA,55036,116473.5958
2001,HIMACHAL PRADESH,13938,30834.3474
2001,JAMMU & KASHMIR,14185,38436.22536
2001,JHARKHAND,28500,70260.19385
2001,KARNATAKA,92788,281266.3155
2001,KERALA,66052,155366.4749
2001,MADHYA PRADESH,71525,152826.6075
2001,CHHATTISGARH,25503,69095.9275
2001,MAHARASHTRA,217963,478508.9978
2001,MANIPUR,2937,6849.892394
2001,MEGHALAYA,3651,8746.34529
2001,MIZORAM,1555,2950.294138
2001,NAGALAND,3402,5109.571604
2001,ORISSA,39662,104158.3157
2001,PUNJAB,63995,132574.9699
2001,RAJASTHAN,79936,194105.2216
2001,SIKKIM,881,2587.536278
2001,TAMIL NADU,123901,282908.6927
2001,TRIPURA,5433,8075.825667
2001,UTTAR PRADESH,162926,357470.7725
2001,UTTARAKHAND,13179,32261.85947
2001,WEST BENGAL,139057,265880.3284
2001,ANDAMAN & NICOBAR ISLANDS,857,1276.165338
2001,CHANDIGARH,4649,7829.426374
2001,DELHI,55222,131069.9756
2001,PUDUCHERRY,3529,7561.675086
2001,TELANGANA,,
2002,ANDHRA PRADESH,134749,182923.1419
2002,ARUNACHAL PRADESH,1775,5227.751159
2002,ASSAM,35708,83032.90536
2002,BIHAR,56975,117457.4876
2002,GOA,5826,15183.20849
2002,GUJARAT,101603,220397.1565
2002,HARYANA,58410,123614.0477
2002,HIMACHAL PRADESH,14617,32336.46549
2002,JAMMU & KASHMIR,14907,40392.58452
2002,JHARKHAND,29298,72227.47927
2002,KARNATAKA,97765,296352.9911
2002,KERALA,70885,166734.5814
2002,MADHYA PRADESH,67795,144856.7614
2002,CHHATTISGARH,25072,67928.20822
2002,MAHARASHTRA,232994,511507.5744
2002,MANIPUR,2921,6812.57599
2002,MEGHALAYA,3759,9005.070377
2002,MIZORAM,1705,3234.888428
2002,NAGALAND,3741,5618.726446
2002,ORISSA,39377,103409.8633
2002,PUNJAB,65085,134833.0638
2002,RAJASTHAN,70333,170786.6613
2002,SIKKIM,947,2781.381221
2002,TAMIL NADU,124521,284324.3664
2002,TRIPURA,5796,8615.403196
2002,UTTAR PRADESH,168198,369037.9007
2002,UTTARAKHAND,14413,35282.66033
2002,WEST BENGAL,143931,275199.5336
2002,ANDAMAN & NICOBAR ISLANDS,948,1411.674143
2002,CHANDIGARH,5235,8816.314706
2002,DELHI,59454,141114.6704
2002,PUDUCHERRY,3879,8311.628693
2002,TELANGANA,,
2003,ANDHRA PRADESH,147950,200843.634
2003,ARUNACHAL PRADESH,1968,5796.177059
2003,ASSAM,37905,88141.65671
2003,BIHAR,53301,109883.3092
2003,GOA,6225,16223.04718
2003,GUJARAT,118525,257104.3471
2003,HARYANA,64156,135774.4024
2003,HIMACHAL PRADESH,15596,34502.25872
2003,JAMMU & KASHMIR,15673,42468.16779
2003,JHARKHAND,31515,77692.98277
2003,KARNATAKA,99669,302124.5463
2003,KERALA,75479,177540.5159
2003,MADHYA PRADESH,75400,161106.2735
2003,CHHATTISGARH,29782,80689.13119
2003,MAHARASHTRA,250989,551013.2217
2003,MANIPUR,3240,7556.571793
2003,MEGHALAYA,3993,9565.641398
2003,MIZORAM,1760,3339.239667
2003,NAGALAND,3912,5875.556765
2003,ORISSA,45127,118510.2192
2003,PUNJAB,69149,143252.2322
2003,RAJASTHAN,92712,225128.6443
2003,SIKKIM,1022,3001.659564
2003,TAMIL NADU,132281,302043.1214
2003,TRIPURA,6136,9120.792617
2003,UTTAR PRADESH,177054,388468.5696
2003,UTTARAKHAND,15553,38073.35156
2003,WEST BENGAL,152388,291369.521
2003,ANDAMAN & NICOBAR ISLANDS,1048,1560.584918
2003,CHANDIGARH,5804,9774.573171
2003,DELHI,62694,148804.8432
2003,PUDUCHERRY,4053,8684.462772
2003,TELANGANA,,
2004,ANDHRA PRADESH,158714,215455.8738
2004,ARUNACHAL PRADESH,2222,6544.260887
2004,ASSAM,39207,91169.23716
2004,BIHAR,60045,123786.4825
2004,GOA,6891,17958.71777
2004,GUJARAT,125599,272449.2629
2004,HARYANA,69688,147481.8654
2004,HIMACHAL PRADESH,17076,37776.38946
2004,JAMMU & KASHMIR,16519,44760.52215
2004,JHARKHAND,36886,90933.94773
2004,KARNATAKA,109775,332758.6519
2004,KERALA,82590,194266.8982
2004,MADHYA PRADESH,77874,166392.4395
2004,CHHATTISGARH,31377,85010.50532
2004,MAHARASHTRA,272860,599028.1155
2004,MANIPUR,3540,8256.254367
2004,MEGHALAYA,4270,10229.22333
2004,MIZORAM,1839,3489.125993
2004,NAGALAND,4100,6157.919923
2004,ORISSA,51020,133986.1144
2004,PUNJAB,72587,150374.5503
2004,RAJASTHAN,90445,219623.7837
2004,SIKKIM,1102,3236.623131
2004,TAMIL NADU,147994,337921.3168
2004,TRIPURA,6639,9868.471673
2004,UTTAR PRADESH,185920,407921.1791
2004,UTTARAKHAND,17599,43081.90794
2004,WEST BENGAL,162491,310686.7
2004,ANDAMAN & NICOBAR ISLANDS,1088,1620.149228
2004,CHANDIGARH,6397,10773.25027
2004,DELHI,69479,164909.1093
2004,PUDUCHERRY,3500,7499.536072
2004,TELANGANA,79916,161790.0669
2005,ANDHRA PRADESH,128150,227457.9878
2005,ARUNACHAL PRADESH,3281,6735.169376
2005,ASSAM,48602,93915.07735
2005,BIHAR,68419,120702.7142
2005,GOA,11916,19455.9579
2005,GUJARAT,197270,311996.4363
2005,HARYANA,94011,160804.8717
2005,HIMACHAL PRADESH,23009,41021.14045
2005,JAMMU & KASHMIR,24371,46834.04969
2005,JHARKHAND,50678,86858.23664
2005,KARNATAKA,164031,366994.5634
2005,KERALA,115500,214150.4423
2005,MADHYA PRADESH,104975,174775.3286
2005,CHHATTISGARH,42063,86399.03557
2005,MAHARASHTRA,423632,685815.4186
2005,MANIPUR,4907,8801.529476
2005,MEGHALAYA,6303,11028.87353
2005,MIZORAM,2577,3746.449035
2005,NAGALAND,5986,6799.724895
2005,ORISSA,71005,139933.8705
2005,PUNJAB,90330,157747.6323
2005,RAJASTHAN,120202,234376.381
2005,SIKKIM,1662,3560.07124
2005,TAMIL NADU,221588,386683.409
2005,TRIPURA,8708,10518.31718
2005,UTTAR PRADESH,244514,431731.251
2005,UTTARAKHAND,25448,49190.07507
2005,WEST BENGAL,201994,330248.8003
2005,ANDAMAN & NICOBAR ISLANDS,1720,1706.464588
2005,CHANDIGARH,8442,11951.08788
2005,DELHI,104473,181895.007
2005,PUDUCHERRY,6375,9499.213682
2005,TELANGANA,92751,187774.5445
2006,ANDHRA PRADESH,141610,251348.62
2006,ARUNACHAL PRADESH,3458,7098.511339
2006,ASSAM,50797,98156.54056
2006,BIHAR,80260,141592.2454
2006,GOA,13085,21364.65334
2006,GUJARAT,213954,338383.3605
2006,HARYANA,104700,179088.2989
2006,HIMACHAL PRADESH,24819,44248.06314
2006,JAMMU & KASHMIR,25794,49568.64625
2006,JHARKHAND,51527,88313.35805
2006,KARNATAKA,181086,405152.5475
2006,KERALA,124625,231069.2543
2006,MADHYA PRADESH,114545,190708.645
2006,CHHATTISGARH,50065,102835.4543
2006,MAHARASHTRA,481983,780279.5183
2006,MANIPUR,4992,8953.991266
2006,MEGHALAYA,6778,11860.0198
2006,MIZORAM,2693,3915.090125
2006,NAGALAND,6454,7331.343881
2006,ORISSA,79845,157355.3959
2006,PUNJAB,100072,174760.5564
2006,RAJASTHAN,134350,261962.9189
2006,SIKKIM,1760,3769.991205
2006,TAMIL NADU,256286,447233.3528
2006,TRIPURA,9458,11424.23563
2006,UTTAR PRADESH,263935,466022.3453
2006,UTTARAKHAND,28514,55116.54357
2006,WEST BENGAL,217849,356170.8313
2006,ANDAMAN & NICOBAR ISLANDS,2029,2013.032935
2006,CHANDIGARH,9690,13717.8443
2006,DELHI,117444,204478.4509
2006,PUDUCHERRY,6614,9855.341065
2006,TELANGANA,102977,208477.0974
2007,ANDHRA PRADESH,159270,282693.9814
2007,ARUNACHAL PRADESH,3873,7950.41481
2007,ASSAM,52968,102351.6279
2007,BIHAR,84415,148922.3698
2007,GOA,13655,22295.32604
2007,GUJARAT,239253,378395.5156
2007,HARYANA,112896,193107.4746
2007,HIMACHAL PRADESH,26362,46998.97017
2007,JAMMU & KASHMIR,27387,52629.93389
2007,JHARKHAND,63005,107985.7769
2007,KARNATAKA,203810,455994.0619
2007,KERALA,135747,251690.7367
2007,MADHYA PRADESH,119958,199720.8751
2007,CHHATTISGARH,54112,111148.1495
2007,MAHARASHTRA,538081,871096.2492
2007,MANIPUR,5267,9447.25
2007,MEGHALAYA,6991,12232.72328
2007,MIZORAM,2988,4343.961862
2007,NAGALAND,6978,7926.575396
2007,ORISSA,86692,170849.1951
2007,PUNJAB,108738,189894.4099
2007,RAJASTHAN,140471,273897.9768
2007,SIKKIM,1862,3988.479332
2007,TAMIL NADU,272340,475248.4774
2007,TRIPURA,10082,12177.95978
2007,UTTAR PRADESH,280851,495890.434
2007,UTTARAKHAND,33498,64750.43755
2007,WEST BENGAL,234798,383881.4906
2007,ANDAMAN & NICOBAR ISLANDS,2238,2220.388225
2007,CHANDIGARH,10405,14730.0485
2007,DELHI,130683,227528.5021
2007,PUDUCHERRY,7137,10634.64911
2007,TELANGANA,113456,229691.8493
2008,ANDHRA PRADESH,163341,289919.744
2008,ARUNACHAL PRADESH,4191,8603.198675
2008,ASSAM,56123,108448.1274
2008,BIHAR,97284,171625.4673
2008,GOA,14728,24047.2766
2008,GUJARAT,249480,394570.2384
2008,HARYANA,121588,207975.0533
2008,HIMACHAL PRADESH,27649,49293.47265
2008,JAMMU & KASHMIR,29102,55925.67043
2008,JHARKHAND,60472,103644.4076
2008,KARNATAKA,218309,488433.3824
2008,KERALA,144094,267167.0462
2008,MADHYA PRADESH,135124,224971.1026
2008,CHHATTISGARH,57662,118439.9874
2008,MAHARASHTRA,546533,884779.1436
2008,MANIPUR,5652,10137.81223
2008,MEGHALAYA,7889,13804.02718
2008,MIZORAM,3437,4996.719183
2008,NAGALAND,7422,8430.93187
2008,ORISSA,93207,183688.7017
2008,PUNJAB,114766,200421.3968
2008,RAJASTHAN,152284,296931.6051
2008,SIKKIM,2106,4511.137203
2008,TAMIL NADU,286744,500384.2602
2008,TRIPURA,11146,13463.15609
2008,UTTAR PRADESH,302192,533571.6164
2008,UTTARAKHAND,37064,71643.38819
2008,WEST BENGAL,244262,399354.597
2008,ANDAMAN & NICOBAR ISLANDS,2579,2558.704751
2008,CHANDIGARH,11187,15837.1026
2008,DELHI,146961,255869.6708
2008,PUDUCHERRY,7792,11610.64675
2008,TELANGANA,128918,260994.6925
2009,ANDHRA PRADESH,174401,309550.5309
2009,ARUNACHAL PRADESH,4539,9317.565924
2009,ASSAM,61294,118440.2031
2009,BIHAR,101938,179835.9122
2009,GOA,16119,26318.44456
2009,GUJARAT,284732,450323.7659
2009,HARYANA,136780,233960.8168
2009,HIMACHAL PRADESH,29149,51967.71798
2009,JAMMU & KASHMIR,30512,58635.28473
2009,JHARKHAND,66465,113915.9536
2009,KARNATAKA,218363,488554.1992
2009,KERALA,157123,291324.3285
2009,MADHYA PRADESH,147933,246297.1058
2009,CHHATTISGARH,59263,121728.5036
2009,MAHARASHTRA,599338,970264.8557
2009,MANIPUR,6039,10831.96179
2009,MEGHALAYA,8396,14691.16646
2009,MIZORAM,3832,5570.971169
2009,NAGALAND,7842,8908.025831
2009,ORISSA,93957,185166.7723
2009,PUNJAB,122097,213223.8754
2009,RAJASTHAN,161159,314236.5616
2009,SIKKIM,3659,7837.726033
2009,TAMIL NADU,316760,552763.853
2009,TRIPURA,12287,14841.36003
2009,UTTAR PRADESH,320989,566760.9321
2009,UTTARAKHAND,43407,83904.18063
2009,WEST BENGAL,263230,430366.2074
2009,ANDAMAN & NICOBAR ISLANDS,2911,2888.092101
2009,CHANDIGARH,11767,16658.19132
2009,DELHI,159044,276907.0429
2009,PUDUCHERRY,9197,13704.19894
2009,TELANGANA,129267,261701.2435
2010,ANDHRA PRADESH,186041,330210.7804
2010,ARUNACHAL PRADESH,4735,9719.910696
2010,ASSAM,64310,124268.1088
2010,BIHAR,117503,207295.2107
2010,GOA,19293,31500.82207
2010,GUJARAT,315892,499605.5064
2010,HARYANA,146053,249822.1902
2010,HIMACHAL PRADESH,31590,56319.60654
2010,JAMMU & KASHMIR,32256,61986.75093
2010,JHARKHAND,76134,130487.8841
2010,KARNATAKA,240817,538791.6295
2010,KERALA,167178,309967.4688
2010,MADHYA PRADESH,155701,259230.2304
2010,CHHATTISGARH,64977,133465.2815
2010,MAHARASHTRA,667625,1080814.289
2010,MANIPUR,5862,10514.48253
2010,MEGHALAYA,9226,16143.4852
2010,MIZORAM,4539,6598.809535
2010,NAGALAND,8587,9754.299645
2010,ORISSA,99880,196839.5885
2010,PUNJAB,129983,226995.5773
2010,RAJASTHAN,185366,361436.6835
2010,SIKKIM,4028,8628.138962
2010,TAMIL NADU,359961,628152.0055
2010,TRIPURA,13215,15962.28313
2010,UTTAR PRADESH,346621,612018.6082
2010,UTTARAKHAND,47967,92718.49776
2010,WEST BENGAL,279191,456461.5425
2010,ANDAMAN & NICOBAR ISLANDS,3164,3139.101137
2010,CHANDIGARH,11765,16655.35998
2010,DELHI,172235,299873.5226
2010,PUDUCHERRY,9812,14620.59367
2010,TELANGANA,152123,307973.2512
2011,ANDHRA PRADESH,191554,339996
2011,ARUNACHAL PRADESH,4983,10229
2011,ASSAM,66942,129354
2011,BIHAR,129521,228497
2011,GOA,23279,38009
2011,GUJARAT,336886,532809
2011,HARYANA,158523,271152
2011,HIMACHAL PRADESH,33955,60536
2011,JAMMU & KASHMIR,33990,65319
2011,JHARKHAND,80157,137383
2011,KARNATAKA,248040,554952
2011,KERALA,176915,328021
2011,MADHYA PRADESH,169600,282371
2011,CHHATTISGARH,69265,142273
2011,MAHARASHTRA,695904,1126595
2011,MANIPUR,6412,11501
2011,MEGHALAYA,10303,18028
2011,MIZORAM,4405,6404
2011,NAGALAND,9291,10554
2011,ORISSA,103628,204226
2011,PUNJAB,136987,239227
2011,RAJASTHAN,202749,395331
2011,SIKKIM,4548,9742
2011,TAMIL NADU,386508,674478
2011,TRIPURA,14421,17419
2011,UTTAR PRADESH,365375,645132
2011,UTTARAKHAND,52748,101960
2011,WEST BENGAL,289432,473205
2011,ANDAMAN & NICOBAR ISLANDS,3431,3404
2011,CHANDIGARH,11959,16930
2011,DELHI,180722,314650
2011,PUDUCHERRY,10174,15160
2011,TELANGANA,160602,325139
2012,ANDHRA PRADESH,341335,341335
2012,ARUNACHAL PRADESH,10399,10399
2012,ASSAM,132518,132518
2012,BIHAR,236933,236933
2012,GOA,32453,32453
2012,GUJARAT,596659,596659
2012,HARYANA,289756,289756
2012,HIMACHAL PRADESH,64519,64519
2012,JAMMU & KASHMIR,67316,67316
2012,JHARKHAND,149526,149526
2012,KARNATAKA,593192,593192
2012,KERALA,348616,348616
2012,MADHYA PRADESH,306853,306853
2012,CHHATTISGARH,148760,148760
2012,MAHARASHTRA,1189711,1189711
2012,MANIPUR,11515,11515
2012,MEGHALAYA,18323,18323
2012,MIZORAM,6836,6836
2012,NAGALAND,11163,11163
2012,ORISSA,216301,216301
2012,PUNJAB,251813,251813
2012,RAJASTHAN,409802,409802
2012,SIKKIM,9970,9970
2012,TAMIL NADU,709343,709343
2012,TRIPURA,18857,18857
2012,UTTAR PRADESH,673552,673552
2012,UTTARAKHAND,109528,109528
2012,WEST BENGAL,492901,492901
2012,ANDAMAN & NICOBAR ISLANDS,3558,3558
2012,CHANDIGARH,18305,18305
2012,DELHI,334193,334193
2012,PUDUCHERRY,15507,15507
2012,TELANGANA,334205,334205
2013,ANDHRA PRADESH,360239,360239
2013,ARUNACHAL PRADESH,11226,11226
2013,ASSAM,138725,138725
2013,BIHAR,246915,246915
2013,GOA,27971,27971
2013,GUJARAT,641489,641489
2013,HARYANA,314931,314931
2013,HIMACHAL PRADESH,69398,69398
2013,JAMMU & KASHMIR,70536,70536
2013,JHARKHAND,150609,150609
2013,KARNATAKA,646787,646787
2013,KERALA,364707,364707
2013,MADHYA PRADESH,322598,322598
2013,CHHATTISGARH,163494,163494
2013,MAHARASHTRA,1267551,1267551
2013,MANIPUR,12519,12519
2013,MEGHALAYA,18397,18397
2013,MIZORAM,7831,7831
2013,NAGALAND,11923,11923
2013,ORISSA,233122,233122
2013,PUNJAB,267515,267515
2013,RAJASTHAN,434292,434292
2013,SIKKIM,10590,10590
2013,TAMIL NADU,750416,750416
2013,TRIPURA,20623,20623
2013,UTTAR PRADESH,707469,707469
2013,UTTARAKHAND,117778,117778
2013,WEST BENGAL,503952,503952
2013,ANDAMAN & NICOBAR ISLANDS,3811,3811
2013,CHANDIGARH,19813,19813
2013,DELHI,356528,356528
2013,PUDUCHERRY,17239,17239
2013,TELANGANA,349593,349593
2014,ANDHRA PRADESH,397064,397064
2014,ARUNACHAL PRADESH,13082,13082
2014,ASSAM,146425,146425
2014,BIHAR,255739,255739
2014,GOA,36042,36042
2014,GUJARAT,705629,705629
2014,HARYANA,333359,333359
2014,HIMACHAL PRADESH,74553,74553
2014,JAMMU & KASHMIR,67154,67154
2014,JHARKHAND,170568,170568
2014,KARNATAKA,671283,671283
2014,KERALA,382134,382134
2014,MADHYA PRADESH,339247,339247
2014,CHHATTISGARH,165354,165354
2014,MAHARASHTRA,1345341,1345341
2014,MANIPUR,13615,13615
2014,MEGHALAYA,17893,17893
2014,MIZORAM,9960,9960
2014,NAGALAND,12406,12406
2014,ORISSA,235931,235931
2014,PUNJAB,278485,278485
2014,RAJASTHAN,465408,465408
2014,SIKKIM,11437,11437
2014,TAMIL NADU,791915,791915
2014,TRIPURA,24407,24407
2014,UTTAR PRADESH,729686,729686
2014,UTTARAKHAND,125702,125702
2014,WEST BENGAL,515702,515702
2014,ANDAMAN & NICOBAR ISLANDS,4151,4151
2014,CHANDIGARH,20353,20353
2014,DELHI,387639,387639
2014,PUDUCHERRY,16055,16055
2014,TELANGANA,372897,372897
2015,ANDHRA PRADESH,446997,446997
2015,ARUNACHAL PRADESH,12889,12889
2015,ASSAM,167629,167629
2015,BIHAR,269200,269200
2015,GOA,41929,41929
2015,GUJARAT,774775,774775
2015,HARYANA,372700,372700
2015,HIMACHAL PRADESH,80563,80563
2015,JAMMU & KASHMIR,80602,80602
2015,JHARKHAND,158231,158231
2015,KARNATAKA,749952,749952
2015,KERALA,411150,411150
2015,MADHYA PRADESH,370716,370716
2015,CHHATTISGARH,168879,168879
2015,MAHARASHTRA,1452513,1452513
2015,MANIPUR,14635,14635
2015,MEGHALAYA,18330,18330
2015,MIZORAM,10948,10948
2015,NAGALAND,12600,12600
2015,ORISSA,253192,253192
2015,PUNJAB,294895,294895
2015,RAJASTHAN,501922,501922
2015,SIKKIM,12484,12484
2015,TAMIL NADU,862437,862437
2015,TRIPURA,23745,23745
2015,UTTAR PRADESH,792049,792049
2015,UTTARAKHAND,136144,136144
2015,WEST BENGAL,546988,546988
2015,ANDAMAN & NICOBAR ISLANDS,4483,4483
2015,CHANDIGARH,22058,22058
2015,DELHI,431730,431730
2015,PUDUCHERRY,17025,17025
2015,TELANGANA,416892,416892
2016,ANDHRA PRADESH,477566,477566
2016,ARUNACHAL PRADESH,13396,13396
2016,ASSAM,179632,179632
2016,BIHAR,289265,289265
2016,GOA,46371,46371
2016,GUJARAT,843930,843930
2016,HARYANA,412055,412055
2016,HIMACHAL PRADESH,88112,88112
2016,JAMMU & KASHMIR,82636,82636
2016,JHARKHAND,176363,176363
2016,KARNATAKA,851394,851394
2016,KERALA,443615,443615
2016,MADHYA PRADESH,419465,419465
2016,CHHATTISGARH,187541,187541
2016,MAHARASHTRA,1596121,1596121
2016,MANIPUR,15201,15201
2016,MEGHALAYA,19295,19295
2016,MIZORAM,12029,12029
2016,NAGALAND,13488,13488
2016,ORISSA,293348,293348
2016,PUNJAB,315783,315783
2016,RAJASTHAN,529650,529650
2016,SIKKIM,13416,13416
2016,TAMIL NADU,922084,922084
2016,TRIPURA,27204,27204
2016,UTTAR PRADESH,888453,888453
2016,UTTARAKHAND,150303,150303
2016,WEST BENGAL,584911,584911
2016,ANDAMAN & NICOBAR ISLANDS,5091,5091
2016,CHANDIGARH,23842,23842
2016,DELHI,461592,461592
2016,PUDUCHERRY,18284,18284
2016,TELANGANA,455731,455731
2017,ANDHRA PRADESH,526626,526626
2017,ARUNACHAL PRADESH,13923,13923
2017,ASSAM,195262,195262
2017,BIHAR,312605,312605
2017,GOA,47077,47077
2017,GUJARAT,946511,946511
2017,HARYANA,434407,434407
2017,HIMACHAL PRADESH,93525,93525
2017,JAMMU & KASHMIR,87591,87591
2017,JHARKHAND,191573,191573
2017,KARNATAKA,915642,915642
2017,KERALA,473182,473182
2017,MADHYA PRADESH,441956,441956
2017,CHHATTISGARH,194073,194073
2017,MAHARASHTRA,1661065,1661065
2017,MANIPUR,16870,16870
2017,MEGHALAYA,19964,19964
2017,MIZORAM,13779,13779
2017,NAGALAND,14178,14178
2017,ORISSA,316192,316192
2017,PUNJAB,335057,335057
2017,RAJASTHAN,557618,557618
2017,SIKKIM,15204,15204
2017,TAMIL NADU,1000308,1000308
2017,TRIPURA,29505,29505
2017,UTTAR PRADESH,922458,922458
2017,UTTARAKHAND,162205,162205
2017,WEST BENGAL,623787,623787
2017,ANDAMAN & NICOBAR ISLANDS,5750,5750
2017,CHANDIGARH,25289,25289
2017,DELHI,487631,487631
2017,PUDUCHERRY,20024,20024
2017,TELANGANA,498145,498145
2018,ANDHRA PRADESH,558862,558862
2018,ARUNACHAL PRADESH,14897,14897
2018,ASSAM,204627,204627
2018,BIHAR,345545,345545
2018,GOA,47425,47425
2018,GUJARAT,1034399,1034399
2018,HARYANA,470328,470328
2018,HIMACHAL PRADESH,99218,99218
2018,JAMMU & KASHMIR,93072,93072
2018,JHARKHAND,208701,208701
2018,KARNATAKA,974815,974815
2018,KERALA,510787,510787
2018,MADHYA PRADESH,482361,482361
2018,CHHATTISGARH,209211,209211
2018,MAHARASHTRA,1728578,1728578
2018,MANIPUR,16193,16193
2018,MEGHALAYA,20968,20968
2018,MIZORAM,14116,14116
2018,NAGALAND,15055,15055
2018,ORISSA,338339,338339
2018,PUNJAB,353942,353942
2018,RAJASTHAN,568102,568102
2018,SIKKIM,15889,15889
2018,TAMIL NADU,1071602,1071602
2018,TRIPURA,32703,32703
2018,UTTAR PRADESH,949184,949184
2018,UTTARAKHAND,166519,166519
2018,WEST BENGAL,659288,659288
2018,ANDAMAN & NICOBAR ISLANDS,6108,6108
2018,CHANDIGARH,26654,26654
2018,DELHI,506332,506332
2018,PUDUCHERRY,23468,23468
2018,TELANGANA,544441,544441
2019,ANDHRA PRADESH,595658,595658
2019,ARUNACHAL PRADESH,17091,17091
2019,ASSAM,212315,212315
2019,BIHAR,359196,359196
2019,GOA,48509,48509
2019,GUJARAT,1110179,1110179
2019,HARYANA,507776,507776
2019,HIMACHAL PRADESH,102613,102613
2019,JAMMU & KASHMIR,90791,90791
2019,JHARKHAND,209913,209913
2019,KARNATAKA,1030357,1030357
2019,KERALA,521455,521455
2019,MADHYA PRADESH,508146,508146
2019,CHHATTISGARH,220624,220624
2019,MAHARASHTRA,1782903,1782903
2019,MANIPUR,17756,17756
2019,MEGHALAYA,21997,21997
2019,MIZORAM,13050,13050
2019,NAGALAND,15853,15853
2019,ORISSA,346106,346106
2019,PUNJAB,367558,367558
2019,RAJASTHAN,598550,598550
2019,SIKKIM,16588,16588
2019,TAMIL NADU,1099402,1099402
2019,TRIPURA,33695,33695
2019,UTTAR PRADESH,980106,980106
2019,UTTARAKHAND,166351,166351
2019,WEST BENGAL,697554,697554
2019,ANDAMAN & NICOBAR ISLANDS,6430,6430
2019,CHANDIGARH,27817,27817
2019,DELHI,521994,521994
2019,PUDUCHERRY,23672,23672
2019,TELANGANA,572736,572736
2020,ANDHRA PRADESH,593869,593869
2020,ARUNACHAL PRADESH,16588,16588
2020,ASSAM,199646,199646
2020,BIHAR,344183,344183
2020,GOA,46421,46421
2020,GUJARAT,1099259,1099259
2020,HARYANA,480471,480471
2020,HIMACHAL PRADESH,98132,98132
2020,JAMMU & KASHMIR,87102,87102
2020,JHARKHAND,196467,196467
2020,KARNATAKA,1026875,1026875
2020,KERALA,472272,472272
2020,MADHYA PRADESH,490238,490238
2020,CHHATTISGARH,215126,215126
2020,MAHARASHTRA,1653094,1653094
2020,MANIPUR,18230,18230
2020,MEGHALAYA,20620,20620
2020,MIZORAM,11781,11781
2020,NAGALAND,15200,15200
2020,ORISSA,326253,326253
2020,PUNJAB,352357,352357
2020,RAJASTHAN,583645,583645
2020,SIKKIM,16147,16147
2020,TAMIL NADU,1094471,1094471
2020,TRIPURA,32615,32615
2020,UTTAR PRADESH,910011,910011
2020,UTTARAKHAND,156792,156792
2020,WEST BENGAL,706648,706648
2020,ANDAMAN & NICOBAR ISLANDS,0,0
2020,CHANDIGARH,24422,24422
2020,DELHI,496284,496284
2020,PUDUCHERRY,22816,22816
2020,TELANGANA,537753,537753
